{"cameraMode":{"drawMode":0,"name":"Shaded","section":"Shading Mode"},"sceneLighting":false,"audioPlay":false,"sceneViewState":{"showFog":true,"showMaterialUpdate":false,"showSkybox":false,"showFlares":true,"showImageEffects":true,"showParticleSystems":true},"in2DMode":false,"pivot":{"x":4.0,"y":2.9802322387695315e-8,"z":-0.47850000858306887},"rotation":{"x":-0.03595943748950958,"y":-0.13688071072101594,"z":0.004972313996404409,"w":-0.9899227023124695},"size":12.738819122314454,"orthographic":false}